university_id,location,name
100654,Huntsville,Alabama A&M University
100724,Montgomery,Alabama State University
100812,Athens,Athens State University
100858,Auburn,Auburn University
100830,Montgomery,Auburn University at Montgomery
102429,Jasper,Bevill State Community College
100937,Birmingham,Birmingham-Southern College
101514,Tanner,Calhoun Community College
100760,Alexander City,Central Alabama Community College
101143,Enterprise,Enterprise State Community College
101240,Gadsden,Gadsden State Community College
101435,Montgomery,Huntingdon College
101480,Jacksonville,Jacksonville State University
101602,Andalusia,Lurleen B. Wallace Community College
101648,Marion,Marion Military Institute
101675,Fairfield,Miles College
102049,Birmingham,Samford University
102076,Boaz,Snead State Community College
251260,Wadley,Southern Union State Community College
102234,Mobile,Spring Hill College
102368,Troy,Troy University
10236803,Dothan,Troy University Dothan
10236802,Montgomery,Troy University Montgomery
10236801,Phenix,Troy University Phenix City
102377,Tuskeegee,Tuskegee University
100751,Tuscaloosa,University of Alabama
100663,Birmingham,University of Alabama at Birmingham
100706,Huntsville,University of Alabama in Huntsville
101709,Montevallo,University of Montevallo
101879,Florence,University of North Alabama
102094,Mobile,University of South Alabama
101587,Livingston,University of West Alabama
434584,Utqiagvik,Ilisagvik College
102553,Anchorage,University of Alaska Anchorage
102614,Fairbanks,University of Alaska Fairbanks
102632,Juneau ,University of Alaska Southeast
240736,Pago Pago,American Samoa Community College
104151,Tempe,Arizona State University
104160,Yuma,Arizona Western College
105297,Tsaile,Dine College
104586,Prescott,Embry-Riddle Aeronautical University at Prescott
104717,Phoenix,Grand Canyon University
423643,Glendale,Midwestern University at Glendale
105206,Kingman,Mohave Community College
105330,Flagstaff,Northern Arizona University
104179,Tucson,University of Arizona
107327,Blytheville,Arkansas Northeastern College
106458,Jonesboro,Arkansas State University
440402,Newport,Arkansas State University-Newport
106467,Russellville,Arkansas Tech University
106625,Pocahontas,Black River Technical College
106713,Conway,Central Baptist College
106795,De Queen,Cossatot Community College of the University of Arkansas
107044,Searcy,Harding University
107071,Arkadelphia,Henderson State University
107080,Conway,Hendrix College
107141,Siloam Springs,John Brown University
106342,Batesville,Lyon College
106980,Hot Springs,National Park College
107460,Harrison,North Arkansas College
367459,Bentonville,NorthWest Arkansas Community College
107512,Arkadelphia,Ouachita Baptist University
107974,El Dorado,South Arkansas Community College
107983,Magnolia,Southern Arkansas University
106397,Fayetteville,University of Arkansas
107743,Mena,University of Arkansas Community College Rich Mountain
107585,Morrilton,University of Arkansas Community College at Morrilton
10772501,Texarkana,University of Arkansas Hope-Texarkana
108092,Fort Smith,University of Arkansas at Fort Smith
106245,Little Rock,University of Arkansas at Little Rock
106485,Monticello,University of Arkansas at Monticello
106412,Pine Bluff,University of Arkansas at Pine Bluff
106263,Little Rock,University of Arkansas for Medical Sciences
107664,North Little Rock,University of Arkansas-Pulaski Technical College
106704,Conway,University of Central Arkansas
107558,Clarksville,University of the Ozarks
108232,San Francisco,Academy of Art University
109350,Lancaster,Antelope Valley College
109785,Azusa,Azusa Pacific University
109819,Bakersfield,Bakersfield College
110097,La Mirada,Biola University
110361,Riverside,California Baptist University
110404,Pasadena,California Institute of Technology
110413,Thousand Oaks,California Lutheran University
110422,San Luis Obispo,California Polytechnic State University
110529,Pomona,California State Polytechnic University
111188,Vallejo,California State University Maritime Academy
110486,Bakersfield,California State University
441937,Camarillo,California State University
110538,Chico,California State University
110547,Carson,California State University
110574,Hayward,California State University
110565,Fullerton,California State University
110583,Long Beach,California State University
110592,Los Angeles,California State University
409698,Marina,California State University
110608,Los Angeles,California State University
110617,Sacramento,California State University
110510,San Bernardino,California State University
366711,San Marcos,California State University
110495,Turlock,California State University
111948,Orange,Chapman University
112260,Claremont,Claremont McKenna College
112075,Irvine,Concordia University Irvine
113236,Cypress,Cypress College
113698,San Rafael,Dominican University of California
113980,Torrance,El Camino Community College
114433,Quincy,Feather River College
114716,Los Altos,Foothill College
114813,Fresno,Fresno Pacific University
110556,Fresno,Fresno State University
115409,Claremont,Harvey Mudd College
115728,Oakland,Holy Names University
115755,Arcata,Humboldt State University
117946,Los Angeles,Loyola Marymount University
118693,Atherton,Menlo College
118888,Oakland,Mills College
118912,Oceanside,MiraCosta College
118976,Modesto,Modesto Junior College
119678,Monterey,Naval Postgraduate School
120184,Belmont,Notre Dame de Namur University
120254,Los Angeles,Occidental College
121150,Malibu,Pepperdine University
121257,Claremont,Pitzer College
121309,San Diego,Point Loma Nazarene University
121345,Claremont,Pomona College
121886,Whittier,Rio Hondo College
123554,Moraga,Saint Mary's College of California
122339,San Diego,San Diego City College
122375,San Diego,San Diego Mesa College
122384,San Diego,San Diego Miramar College
122409,San Diego,San Diego State University System
122597,San Francisco,San Francisco State University
122755,San Jose,San Jose State University
121619,Santa Ana,Santa Ana College
122931,Santa Clara,Santa Clara University
122977,Santa Monica,Santa Monica College
399212,Orange,Santiago Canyon College
123165,Claremont,Scripps College
123299,Redding,Shasta College
123509,San Bruno,Skyline College
123563,Fairfield,Solano Community College
123572,Ronhert Park,Sonoma State University
123800,Chula Vista,Southwestern College
243744,Stanford,Stanford University
488800,Stockton,Teachers College of San Joaquin
110635,Berkeley,University of California
110644,Davis,University of California
110398,San Francisco,University of California
110653,Irvine ,University of California
110662,Los Angeles,University of California
445188,Merced,University of California
110671,Riverside,University of California
110680,San Diego,University of California
110699,San Francisco,University of California
110705,Santa Barbara,University of California
110714,Santa Cruz,University of California
117140,La Verne,University of La Verne
121691,Redlands,University of Redlands
122436,San Diego,University of San Diego
122612,San Francisco,University of San Francisco
123961,Los Angeles,University of Southern California
120883,Stockton,University of the Pacific
125727,Santa Barbara,Westmont College
125763,Whittier,Whittier College
126182,Alamosa,Adams State University
126289,Littleton,Arapahoe Community College
126669,Lakewood,Colorado Christian University
126678,Colorado Springs,Colorado College
127556,Grand Junction,Colorado Mesa University
126711,Glenwood Springs,Colorado Mountain College Glenwood Springs
126775,Golden,Colorado School of Mines
126818,Fort Collins,Colorado State University
128106,Pueblo,Colorado State University-Pueblo
126863,Aurora,Community College of Aurora
126942,Denver,Community College of Denver
127185,Durango,Fort Lewis College
127200,Westminster,Front Range Community College
439288,Denver,Johnson & Wales University-Denver
127389,Lamar,Lamar Community College
127565,Denver,Metropolitan State University of Denver
127617,Fort Morgan,Morgan Community College
127732,Sterling,Northeastern Junior College
127778,La Junta,Otero Junior College
127820,Colorado Springs,Pikes Peak Community College
127884,Pueblo,Pueblo Community College
127909,Lakewood,Red Rocks Community College
127918,Denver,Regis University
128258,Trinidad,Trinidad State Junior College
128328,Air Force Academy,United States Air Force Academy
126614,Boulder,University of Colorado Boulder
126580,Colorado Springs,University of Colorado Colorado Springs
126562,Aurora,University of Colorado Denver and Anschutz Medical Campus
127060,Denver,University of Denver
127741,Greeley,University of Northern Colorado
128391,Gunnison,Western Colorado University
128498,New Haven,Albertus Magnus College
128771,New Britain,Central Connecticut State University
128902,New London,Connecticut College
129215,Windham,Eastern Connecticut State University
129242,Fairfield,Fairfield University
129774,New London,Mitchell College
130183,Waterbury,Post University
130226,Hamden,Quinnipiac University
130253,Fairfield,Sacred Heart University
130493,New Haven,Southern Connecticut State University
130590,Hartford,Trinity College
130606,Farmington,Tunxis Community College
130624,New London,United States Coast Guard Academy
128744,Bridgeport,University of Bridgeport
129020,Storrs,University of Connecticut
129525,West Hartford,University of Hartford
129941,West Haven,University of New Haven
130314,West Hartford,University of Saint Joseph
130697,Middletown,Wesleyan University
130776,Danbury,Western Connecticut State University
130794,New Haven,Yale University
130934,Dover,Delaware State University
130907,Dover,Delaware Technical Community College Dover 
13090701,Georgetown,Delaware Technical Community College Georgetown
13090702,Stanton,Delaware Technical Community College Stanton
130989,Wilmington,Goldey-Beacom College
130943,Newark,University of Delaware
131098,Dover,Wesley College
131113,New Castle,Wilmington University
133872,Orlando,AdventHealth University
447883,Largo,American Institute of Beauty
132374,Coconut Creek,Atlantic Technical College
485768,Miami,Atlantis University
446048,Ave Maria,Ave Maria University
451149,Davie,Aveda Institute-South Florida
451158,Tallahassee,Aveda Institute-Tallahassee
457411,Casselberry,Aviation Institute of Maintenance-Orlando
132471,Miami,Barry University
137591,New Port Richey,Bene's Career Academy
132602,Daytona Beach,Bethune-Cookman University
137856,Perry,Big Bend Technical College
132709,Fort Lauderdale,Broward College
132976,Port Charlotte,Charlotte Technical College
133021,Marianna,Chipola College
406547,Gainesville,City College at Gainesville
132851,Ocala,College of Central Florida
133854,Miramar,Concorde Career Institute-Miramar
438285,Maitland,Cortiva Institute-Maitland
133386,Daytona Beach,Daytona State College
132693,Cocoa ,Eastern Florida State College
133492,Saint Petersburg,Eckerd College
133526,Jacksonville,Edward Waters College
133553,Daytona Beach,Embry-Riddle Aeronautical University at Daytona Beach
369419,Tampa,Erwin Technical College
385619,Boca Raton,Everglades University
137023,St. Augustine,First Coast Technical College
133711,St. Augustine,Flagler College
461245,Palm Coast,Flagler Technical College
133650,Tallahassee,Florida A&M University
133669,Boca Raton,Florida Atlantic University
487427,Tampa,Florida Career College at Tampa
133809,Temple Terrace,Florida College
135160,Lake City,Florida Gateway College
433660,Fort Myers,Florida Gulf Coast University
476814,Orlando,Florida Institute of Recording Sound and Technology
133881,Melbourne,Florida Institute of Technology
133951,Miami,Florida International University
133979,Miami Gardens,Florida Memorial University
408844,Hialeah,Florida National University
482936,Lakeland,Florida Polytechnic University
133508,Fort Myers,Florida SouthWestern State College
134079,Lakeland,Florida Southern College
133702,Jacksonville,Florida State College at Jacksonville
134097,Tallahassee,Florida State University
134112,Orlando,Florida Technical College
135267,Fort Myers,Fort Myers Technical College
445744,Port Saint Lucie,Fortis Institute at Port Saint Lucie
459329,New Port Richey,Fred K. Marchman Technical College
134237,Winter Park,Full Sail University
490090,Quincy,Gadsden Technical Institute
134291,Pensacola,George Stone Technical College
134343,Panama City,Gulf Coast State College
490559,Orlando,Gwinnett Institute
490054,West Palm Beach,HCI College
49005401,Fort Lauderdale,HCI College at Fort Lauderdale
134495,Tampa,Hillsborough Community College
457387,Immokalee,Immokalee Technical College
134608,Fort Pierce,Indian River State College
134945,Jacksonville,Jacksonville University
414823,North Miami,Johnson & Wales University-North Miami
13508116,West Palm Beach,Keiser University Flagship
13508113,Fort Myers,Keiser University at Fort Myers
13508108,Jacksonville,Keiser University at Jacksonville
13508104,Lakeland,Keiser University at Lakeland
13508101,Melbourne,Keiser University at Melbourne
13508107,Sarasota,Keiser University at Sarasota
13508102,Tallahassee,Keiser University at Tallahassee
13508112,West Palm Beach,Keiser University at West Palm Beach
13508103,Daytona Beach,Keiser University-Daytona
13508111,Port St. Lucie,Keiser University-Port St Lucie
135179,Eustis,Lake Technical College
135188,Leesburg,Lake-Sumter State College
135294,Miami,Lindsey Hopkins Technical College
135276,Tallahassee,Lively Technical College
135337,Saint Petersburg,Loraines Academy & Spa
133155,Naples,Lorenzo Walker Technical College
132657,Boca Raton,Lynn University
419226,Ocala,Marion Technical College
244279,Sarasota,Meridian College
135717,Miami,Miami Dade College
134811,Miami,Miami International University of Art and Design
262129,Sarasota,New College of Florida
136145,Madison,North Florida College
136233,Niceville,Northwest Florida State College
409032,Miami,Nouvelle Institute
136215,Fort Lauderdale,Nova Southeastern University
433068,Fort Walton Beach,Okaloosa Technical College
135735,Orlando,Orange Technical College Mid Florida Campus
136303,Orlando,Orange Technical College Orlando Campus
138372,Winter Garden,Orange Technical College Westside Campus
138488,Winter Park,Orange Technical College Winter Park Campus
136330,West Palm Beach,Palm Beach Atlantic University
136358,Lake Worth,Palm Beach State College
136400,New Port Richey,Pasco-Hernando State College
136109,Jacksonville,Paul Mitchell the School-Jacksonville
136473,Pensacola,Pensacola State College
137087,St. Petersburg,Pinellas Technical College-St. Petersburg
136516,Winter Haven,Polk State College
430582,Miami,Praxis Institute
136659,Milton,Radford M Locklin Technical College
13830902,Fort Myers,Rasmussen College at Fort Myers
136765,Winter Haven,Ridge Technical College
137713,Live Oak,Riveroak Technical College
136950,Winter Park,Rollins College
137032,Saint Leo,Saint Leo University
137096,Gainesville,Santa Fe College
137209,Sanford,Seminole State College of Florida
137245,Hollywood,Sheridan Technical College
366003,Deerfield Beach,South Florida Bible College and Theological Seminary
137315,Avon Park,South Florida State College
428170,West Palm Beach,Southeastern College at West Palm Beach
137564,Lakeland,Southeastern University
137281,Palatka,St. Johns River State College
137078,St. Petersburg,St. Petersburg College
137476,Miami Gardens,St. Thomas University
135391,Bradenton,State College of Florida
137546,DeLand,Stetson University
44903808,Fort Lauderdale,Strayer University at Fort Lauderdale
137120,Sarasota,Suncoast Technical College
487311,Jacksonville,Sunstate Academy-Jones Technical Institute
137759,Tallahassee,Tallahassee Community College
133960,Key West,The College of the Florida Keys
135522,Lakeland,Traviss Technical College
137962,Trinity,Trinity College of Florida
369400,Orlando,Universal Technical Institute Orlando
132903,Orlando,University of Central Florida
134130,Gainesville,University of Florida
457402,Lauderhill,University of Fort Lauderdale
135726,Miami,University of Miami
136172,Jacksonville,University of North Florida
137351,Tampa,University of South Florida
451671,Sarasota,University of South Florida Sarasota-Manatee 
448840,St. Petersburg,University of South Florida St. Petersburg
137847,Tampa,University of Tampa
138354,Pensacola,University of West Florida
138187,Orlando,Valencia College
138275,Lake Wales,Warner University
138293,Babson Park,Webber International University
138479,Davie,William T. McFatter Technical College
138497,Inverness,Withlacoochee Technical College
138558,Tifton,Abraham Baldwin Agricultural College
138600,Decatur,Agnes Scott College
138716,Albany,Albany State University
138901,Atlanta,Atlanta Metropolitan State College
482149,Augusta,Augusta University
139144,Mount Berry,Berry College
139199,Gainesville,Brenau University
138947,Atlanta,Clark Atlanta University
139311,Morrow,Clayton State University
139250,Brunswick,College of Coastal Georgia
139366,Columbus,Columbus State University
139393,Lookout Mountain,Covenant College
139463,Dalton,Dalton State College
139621,Swainsboro,East Georgia State College
139630,Franklin Springs,Emmanuel College
139658,Atlanta,Emory University
139719,Fort Valley,Fort Valley State University
139861,Milledgeville,Georgia College & State University
447689,Lawrenceville,Georgia Gwinnett College
139700,Rome,Georgia Highlands College
139755,Atlanta,Georgia Institute of Technology
485111,Milledgeville,Georgia Military College
139931,Statesboro,Georgia Southern University
139764,Americus,Georgia Southwestern State University
139940,Atlanta,Georgia State University
139968,Barnesville,Gordon State College
486840,Kennesaw,Kennesaw State University
140234,LaGrange,LaGrange College
140447,Macon,Mercer University
482158,Macon,Middle Georgia State University
140553,Atlanta,Morehouse College
140696,Atlanta,Oglethorpe University
140818,Demorest,Piedmont College
140960,Savannah,Savannah State University
140988,Rome,Shorter University
482699,Douglas,South Georgia State College
139959,Athens,University of Georgia
482680,Dahlonega,University of North Georgia
141334,Carrollton,University of West Georgia
141264,Valdosta,Valdosta State University
141325,Macon,Wesleyan College
141361,Young Harris,Young Harris College
240754,Mangilao,University of Guam
230047,Laie,Brigham Young University-Hawaii
141486,Honolulu,Chaminade University of Honolulu
141644,Honolulu,Hawaii Pacific University
141796,Honolulu,Kapiolani Community College
141811,Pearl City,Leeward Community College
141839,Kahului,University of Hawaii Maui College
141565,Hilo,University of Hawaii at Hilo
141574,Honolulu,University of Hawaii at Manoa
141981,Kapolei,University of Hawaii-West Oahu
142115,Boise ,Boise State University
142522,Rexburg,Brigham Young University-Idaho
142294,Caldwell,College of Idaho 
142559,Twin Falls,College of Southern Idaho
142276,Pocatello,Idaho State University
142328,Lewiston,Lewis-Clark State College
142443,Coeur d'Alene,North Idaho College
142461,Nampa,Northwest Nazarene University
142285,Moscow,University of Idaho
143084,Rock Island,Augustana College
143118,Aurora,Aurora University
145619,Lisle,Benedictine University
143288,Carlinville,Blackburn College
143358,Peoria,Bradley University
144005,Chicago,Chicago State University
144281,Chicago,Columbia College Chicago
144351,River Forest,Concordia University Chicago
144740,Chicago,DePaul University
148496,River Forest,Dominican University
144892,Charleston,Eastern Illinois University
144962,Elmhurst,Elmhurst University
144971,Eureka,Eureka College
145336,University Park,Governors State University
145372,Greenville,Greenville University
145691,Jacksonville,Illinois College
145725,Chicago,Illinois Institute of Technology
145813,Normal,Illinois State University
145646,Bloomington,Illinois Wesleyan University
146366,Centralia,Kaskaskia College
146427,Galesburg,Knox College
146481,Lake Forest,Lake Forest College
146506,Mattoon,Lake Land College
146612,Romeoville,Lewis University
146719,Chicago,Loyola University Chicago
147013,Lebanon,McKendree University
143853,Downers Grove,Midwestern University at Downers Grove
147244,Decatur,Millikin University
147341,Monmouth,Monmouth College
147369,Chicago,Moody Bible Institute
147660,Naperville,North Central College
147679,Chicago,North Park University
147776,Chicago,Northeastern Illinois University
147703,Dekalb,Northern Illinois University 
147767,Evanston,Northwestern University
147828,Bourbonnais,Olivet Nazarene University
147916,Champaign,Parkland College
148016,Elsah,Principia College
148131,Quincy,Quincy University
148405,Rockford,Rockford University
148627,Chicago,Saint Xavier University
143048,Chicago,School of the Art Institute of Chicago
148937,Harrisburg,Southeastern Illinois College
149222,Carbondale,Southern Illinois University Carbondale
149231,Edwardsville,Southern Illinois University Edwardsville
143215,Belleville,Southwestern Illinois College
144050,Chicago,University of Chicago
148654,Springfield,University of Illinois Springfield
145637,Champaign,University of Illinois Urbana-Champaign
145600,Chicago,University of Illinois at Chicago
149772,Macomb,Western Illinois University
149781,Wheaton,Wheaton College
150066,Anderson,Anderson University
150136,Muncie,Ball State University
150163,Indianapolis,Butler University
150400,Greencastle,DePauw University
150455,Richmond,Earlham College
150604,Franklin,Franklin College
150668,Goshen,Goshen College
150677,Winona Lake,Grace College and Theological Seminary
150756,Hanover,Hanover College
151324,Terre Haute,Indiana State University
151351,Bloomington,Indiana University Bloomington
151388,Richmond,Indiana University East
151333,Kokomo,Indiana University Kokomo
151360,Gary,Indiana University Northwest
151342,South Bend,Indiana University South Bend
151379,New Albany,Indiana University Southeast
151111,Indianapolis,Indiana University-Purdue University Indianapolis
150987,Indianapolis,Ivy Tech Community College System
151777,North Manchester,Manchester University
151786,Indianapolis,Marian University
152099,Oakland City,Oakland City University
243780,West Lafayette,Purdue University
24378001,Anderson,Purdue University - Purdue Polytechnic Anderson
24378006,Columbus,Purdue University - Purdue Polytechnic Columbus
24378002,Indianapolis,Purdue University - Purdue Polytechnic Indianapolis
24378007,Kokomo,Purdue University - Purdue Polytechnic Kokomo
24378009,Lafayette,Purdue University - Purdue Polytechnic Lafayette
24378004,New Albany,Purdue University - Purdue Polytechnic New Albany
24378008,Richmond,Purdue University - Purdue Polytechnic Richmond
24378003,South Bend,Purdue University - Purdue Polytechnic South Bend
24378010,Vincennes,Purdue University - Purdue Polytechnic Vincennes
151102,Fort Wayne,Purdue University Fort Wayne
490805,Hammond,Purdue University Northwest
152318,Terre Haute,Rose-Hulman Institute of Technology
152390,Notre Dame,Saint Mary's College
152530,Upland,Taylor University
152567,Angola,Trine University
150534,Evansville,University of Evansville
151263,Indianapolis,University of Indianapolis
152080,Notre Dame,University of Notre Dame
151306,Evansville,University of Southern Indiana
152600,Valparaiso,Valparaiso University
152637,Vincennes,Vincennes University
152673,Crawfordsville,Wabash College
153001,Storm Lake,Buena Vista University
153108,Pella,Central College
153126,Dubuque,Clarke University
153144,Cedar Rapids,Coe College
153162,Mount Vernon,Cornell College
153250,Sioux Center,Dordt University
153269,Des Moines,Drake University
153311,Davenport,Eastern Iowa Community College District
153296,Iowa Falls,Ellsworth Community College
153366,Lamoni,Graceland University
153375,Des Moines,Grand View University
153384,Grinnell,Grinnell College
153445,Waterloo,Hawkeye Community College
153603,Ames,Iowa State University
153621,Mount Pleasant,Iowa Wesleyan University
153825,Dubuque,Loras College
153834,Decorah,Luther College
153922,Marshalltown,Marshalltown Community College
154004,Sioux City,Morningside College
154101,Orange City,Northwestern College
154235,Davenport,Saint Ambrose University
154350,Indianola,Simpson College
153278,Dubuque,University of Dubuque
153658,Iowa City,University of Iowa
154095,Cedar Falls,University of Northern Iowa
154493,Fayette,Upper Iowa University
154527,Waverly,Wartburg College
154590,Oskaloosa,William Penn University
154642,Iola,Allen County Community College
154688,Baldwin City,Baker University
154712,Atchison,Benedictine College
154721,Lindsborg,Bethany College (Kan.)
154749,North Newton,Bethel College
154800,El Dorado,Butler Community College
154855,McPherson,Central Christian College
154998,Dodge City,Dodge City Community College
155025,Emporia,Emporia State University
155052,Emporia,Flint Hills Technical College
155061,Hays,Fort Hays State University
155140,Lawrence,Haskell Indian Nations University
155177,Hesston,Hesston College
155195,Hutchinson,Hutchinson Community College
155210,Overland Park,Johnson County Community College
155399,Manhattan,Kansas State University
155414,Salina,Kansas Wesleyan University
155450,Parsons,Labette Community College
155335,Whichita,Newman University
155681,Pittsburg,Pittsburg State University
155900,Winfield,Southwestern College
155937,Sterling,Sterling College
155317,Lawrence,University of Kansas
155812,Leavenworth,University of Saint Mary
156082,Topeka,Washburn University
156125,Wichita,Wichita State University
156189,Pippa Passes,Alice Lloyd College
156222,Wilmore,Asbury Theological Seminary
156213,Wilmore,Asbury University
156231,Ashland,Ashland Community and Technical College
247065,Florence,Beckfield College
156286,Louisville,Bellarmine University
156295,Berea,Berea College 
157553,Prestonsburg,Big Sandy Community and Technical College
156392,Lexington,Bluegrass Community and Technical College
156356,Owensboro,Brescia University
156365,Campbellsville,Campbellsville University
156408,Danville,Centre College
156417,Pineville,Clear Creek Baptist Bible College
156620,Richmond,Eastern Kentucky University
156648,Elizabethtown,Elizabethtown Community and Technical College
156727,Hyden,Frontier Nursing University
491181,Hazard,Galen College of Nursing-ARH
156471,Louisville,Galen College of Nursing-Louisville
157438,Florence,Gateway Community and Technical College
156745,Georgetown,Georgetown College
156790,Hazard,Hazard Community and Technical College
156851,Henderson,Henderson Community College
156860,Hopkinsville,Hopkinsville Community College
156921,Louisville,Jefferson Community and Technical College
157100,Grayson,Kentucky Christian University
157058,Frankfort,Kentucky State University
157076,Owensboro,Kentucky Wesleyan College
450632,Lexington,Lexington Healing Arts Academy
157207,Lexington,Lexington Theological Seminary
157216,Columbia,Lindsey Wilson College
157304,Madisonville,Madisonville Community College
157331,Maysville,Maysville Community and Technical College
484066,Louisville,MedQuest College
157377,Midway,Midway University
157386,Morehead,Morehead State University
157401,Murray,Murray State University
157447,Highland Heights,Northern Kentucky University
247940,Owensboro,Owensboro Community and Technical College
156426,Lexington,Paul Mitchell the School-Lexington
461759,Louisville,Simmons College of Kentucky
157711,Somerset,Somerset Community College
156338,Bowling Green,Southcentral Kentucky Community and Technical College
157739,Cumberland,Southeast Kentucky Community and Technical College
157757,Louisville,Spalding University
157793,Louisville,Sullivan University
157748,Louisville,The Southern Baptist Theological Seminary
157809,Crestview Hills,Thomas More University
157818,Lexington,Transylvania University
157863,Barbourville,Union College
157085,Lexington,University of Kentucky
157289,Louisville,University of Louisville
157535,Pikeville,University of Pikeville
156541,Williamsburg,University of the Cumberlands
157483,Paducah,West Kentucky Community and Technical College
157951,Bowling Green,Western Kentucky University
437103,Baton Rouge,Baton Rouge Community College
158431,Bossier City,Bossier Parish Community College
158477,Shreveport,Centenary College of Louisiana
158088,Alexandria,Central Louisiana Technical Community College
158662,New Orleans,Delgado Community College
158802,New Orleans,Dillard University
160481,Schriever,Fletcher Technical Community College
160074,Baton Rouge,Franciscan Missionaries of Our Lady University
159009,Grambling,Grambling State University
159568,Pineville,Louisiana College
483212,Monroe,Louisiana Delta Community College
159391,Baton Rouge,Louisiana State University
159382,Alexandria,Louisiana State University Alexandria
159407,Eunice,Louisiana State University Eunice
159373,New Orleans,Louisiana State University Health Sciences Center
435000,Shreveport,Louisiana State University Health Sciences Center
159416,Shreveport,Louisiana State University Shreveport 
159647,Ruston,Louisiana Tech University
159656,New Orleans,Loyola University New Orleans
159717,Lake Charles,McNeese State University
159948,New Orleans,New Orleans Baptist Theological Seminary
159966,Thibodaux,Nicholls State University
160667,Lacombe,Northshore Technical Community College
160010,Minden,Northwest Louisiana Technical College
160038,Natchitoches,Northwestern State University of Louisiana
158884,Chalmette,Nunez Community College
436304,Gonzales,River Parishes Community College
160579,Lake Charles,SOWELA Technical Community College
160409,Benedict,Saint Joseph Seminary College
434061,Lafayette,South Louisiana Community College
160612,Hammond,Southeastern Louisiana University
440916,Baton Rouge,Southern University Law Center
160621,Baton Rouge,Southern University and A&M College
160630,New Orleans,Southern University at New Orleans
160649,Shreveport,Southern University at Shreveport
160755,New Orleans,Tulane University of Louisiana
160065,New Orleans,University of Holy Cross
159993,Monroe,University of Louisiana Monroe
160658,Lafayette,University of Louisiana at Lafayette
159939,New Orleans,University of New Orleans
160904,New Orleans,Xavier University of Louisiana
160977,Lewiston,Bates College
161004,Brunswick,Bowdoin College
161086,Waterville,Colby College
487524,Bangor,Husson University
161299,Castine,Maine Maritime Academy
161518,Standish,Saint Joseph's College of Maine
161563,Waterville,Thomas College
161253,Orono,University of Maine
161226,Farmington,University of Maine Farmington
161217,Augusta,University of Maine at Augusta
161235,Fort Kent,University of Maine at Fort Kent
161244,Machias,University of Maine at Machias
161341,Presque Isle,University of Maine at Presque Isle
161457,Biddeford,University of New England
161554,Portland,University of Southern Maine
376695,Majuro,College of the Marshall Islands
162007,Bowie,Bowie State University
162283,Baltimore,Coppin State University
162584,Frostburg,Frostburg State University
162654,Baltimore,Goucher College
162760,Frederick,Hood College
162928,Baltimore,Johns Hopkins University
163046,Baltimore,Loyola University Maryland
164270,Westminster,McDaniel College
163453,Baltimore,Morgan State University
163462,Emmitsburg,Mount St. Mary's University
163578,Baltimore,Notre Dame of Maryland University
163851,Salisbury,Salisbury University
163912,St. Mary's City,St. Mary's College of Maryland
164173,Stevenson,Stevenson University
164076,Towson,Towson University
164155,Annapolis,United States Naval Academy
161873,Baltimore,University of Baltimore
163338,Princess Anne,University of Maryland Eastern Shore
163259,Baltimore,University of Maryland
163268,Catonsville,University of Maryland
163286,College Park,University of Maryland
164216,Chestertown,Washington College
164447,Springfield,American International College
164465,Amherst,Amherst College
164492,Paxton,Anna Maria College
164562,Worcester,Assumption College
164580,Wellesley,Babson College
164632,Longmeadow,Bay Path University
164720,Worcester,Becker College
164739,Waltham,Bentley University
164924,Chestnut Hill,Boston College
164988,Boston,Boston University
165015,Waltham,Brandeis University
165024,Bridgewater,Bridgewater State University
165334,Worcester,Clark University
167394,Chicopee,College of Our Lady of the Elms
166124,Worcester,College of the Holy Cross
165529,Milton,Curry College
165574,Franklin,Dean College
165644,Quincy,Eastern Nazarene College
165662,Boston,Emerson College
165671,Boston,Emmanuel College
165699,Beverly,Endicott College
165820,Fitchburg,Fitchburg State University
165866,Framingham,Framingham State University
441982,Needham,Franklin W Olin College of Engineering
165936,Wenham,Gordon College
166018,Amherst,Hampshire College
166027,Cambridge,Harvard University
166045,Newton Centre,Hebrew College
166391,Newton,Lasell University
166452,Cambridge,Lesley University
166674,Boston,Massachusetts College of Art and Design
167288,North Adams,Massachusetts College of Liberal Arts
166656,Boston,Massachusetts College of Pharmacy and Health Sciences
166683,Cambridge,Massachusetts Institute of Technology
166692,Buzzards Bay,Massachusetts Maritime Academy
166850,North Andover,Merrimack College
166939,South Hadley,Mount Holyoke College
167260,Dudley,Nichols College
167358,Boston,Northeastern University
167455,Chestnut Hill,Pine Manor College
167598,Weston,Regis College
167729,Salem,Salem State University
167783,Boston,Simmons University
167835,Northampton,Smith College
167899,Springfield,Springfield College
167996,Easton,Stonehill College
168005,Boston,Suffolk University
168148,Medford,Tufts University
166629,Amherst,University of Massachusetts Amherst
166638,Boston,University of Massachusetts Boston
167987,Dartmouth,University of Massachusetts Dartmouth
166513,Lowell,University of Massachusetts Lowell
166708,Worcester,University of Massachusetts Medical School
168218,Wellesley,Wellesley College
168227,Boston,Wentworth Institute of Technology
168254,Springfield,Western New England University
168263,Westfield,Westfield State University
168281,Norton,Wheaton College
168342,Williamstown,Williams College
168421,Worcester,Worcester Polytechnic Institute
168430,Worcester,Worcester State University
168528,Adrian,Adrian College
168546,Albion,Albion College
168591,Alma,Alma College
168607,Alpena,Alpena Community College
168740,Berrien Springs,Andrews University
168786,Grand Rapids,Aquinas College
168883,Escanaba,Bay College
380359,Brimley,Bay Mills Community College
169080,Grand Rapids,Calvin University
169248,Mount Pleasant,Central Michigan University
169327,Howell,Cleary University
169363,Ann Arbor,Concordia University Ann Arbor
170037,Grand Rapids,Cornerstone University
169479,Grand Rapids,Davenport University
169798,Ypsilanti,Eastern Michigan University
169910,Big Rapids,Ferris State University
172440,Hancock,Finlandia University
169974,Centreville,Glen Oaks Community College
170055,Grand Rapids,Grand Rapids Community College
170082,Allendale,Grand Valley State University
170091,Lansing,Great Lakes Christian College
170240,Dearborn,Henry Ford College
170286,Hillsdale,Hillsdale College
170301,Holland,Hope College
170444,Jackson,Jackson College
170532,Kalamazoo,Kalamazoo College
169983,Flint,Kettering University
171881,Grand Rapids,Kuyper College
170620,Benton Harbor,Lake Michigan College
170639,Sault Ste. Marie,Lake Superior State University
170675,Southfield,Lawrence Technological University
170806,Livonia,Madonna University
171100,East Lansing,Michigan State University
171128,Houghton,Michigan Technological University
171155,Harrison,Mid Michigan College
169275,Flint,Mott Community College
171456,Marquette,Northern Michigan University
171483,Traverse City,Northwestern Michigan College
171492,Midland,Northwood University
171571,Rochester,Oakland University
171599,Olivet,Olivet College
170967,Rochester Hills,Rochester University
172051,University Center,Saginaw Valley State University
172200,Livonia,Schoolcraft College
172264,Adrian,Siena Heights University
172334,Spring Arbor,Spring Arbor University
169716,Detroit,University of Detroit Mercy
170976,Ann Arbor,University of Michigan
171137,Dearborn,University of Michigan-Dearborn
171146,Flint,University of Michigan-Flint
172617,Ann Arbor,Washtenaw Community College
172644,Detroit,Wayne State University
172699,Kalamazoo,Western Michigan University
172918,Alexandria,Alexandria Technical & Community College
172954,Anoka,Anoka Technical College
172963,Coon Rapids,Anoka-Ramsey Community College
173045,Minneapolis,Augsburg University
173124,Bemidji,Bemidji State University
173142,Mankato,Bethany Lutheran College
173160,Saint Paul,Bethel University
173258,Northfield,Carleton College
173203,Brainerd,Central Lakes College-Brainerd
17320301,Staples,Central Lakes College-Staples
175315,White Bear Lake,Century College
174747,St. Joseph,College of Saint Benedict and Saint John's University
173300,Moorhead,Concordia College at Moorhead
173328,St. Paul,Concordia University
174862,Saint Bonifacius,Crown College
173416,Rosemount,Dakota County Technical College
380368,Cloquet,Fond du Lac Tribal and Community College
173647,Saint Peter,Gustavus Adolphus College
173665,St. Paul,Hamline University
173708,Brooklyn Park,Hennepin Technical College
173735,Hibbing,Hibbing Community College
173799,Inver Grove Heights,Inver Hills Community College
173805,Grand Rapids,Itasca Community College
173461,Duluth,Lake Superior College
173902,St. Paul,Macalester College
173452,New Ulm,Martin Luther College
173993,Virginia,Mesabi Range College
17399301,Eveleth,Mesabi Range College
174020,Saint Paul,Metropolitan State University
174136,Minneapolis,Minneapolis Community and Technical College
175263,Winona,Minnesota State College Southeast
173559,Fergus Falls,Minnesota State Community and Technical College
174358,Moorhead,Minnesota State University Moorhead
173920,Mankato,Minnesota State University
173638,Granite Falls,Minnesota West Community and Technical College
174428,Bloomington,Normandale Community College
174437,Minneapolis,North Central University
174376,Brooklyn Park,North Hennepin Community College
174473,Thief River Falls,Northland Community and Technical College
173115,Bemidji,Northwest Technical College
174570,Pine City,Pine Technical & Community College
174604,International Falls,Rainy River Community College
175236,Willmar,Ridgewater College
173063,Austin,Riverland Community College
174738,Rochester,Rochester Community and Technical College
174817,Winona,Saint Mary's University of Minnesota
173911,North Mankato,South Central College
175078,Marshall,Southwest Minnesota State University
175005,St. Paul,St. Catherine University
174783,St. Cloud,St. Cloud State University
174756,St. Cloud,St. Cloud Technical and Community College
174844,Northfield,St. Olaf College
175041,St. Paul,St. Paul College
174899,Duluth,The College of Saint Scholastica
174075,Crookston,University of Minnesota Crookston
174233,Duluth,University of Minnesota Duluth
174251,Morris,University of Minnesota Morris
456959,Rochester,University of Minnesota Rochester
174066,Minneapolis,University of Minnesota Twin Cities
174491,St. Paul,University of Northwestern
174914,St. Paul,University of St. Thomas
175157,Ely,Vermilion Community College
175272,Winona,Winona State University
175342,Lorman,Alcorn State University
175421,Jackson,Belhaven University
175616,Cleveland,Delta State University
175856,Jackson,Jackson State University
175980,Jackson,Millsaps College
176053,Clinton,Mississippi College
176008,Moorhead,Mississippi Delta Community College
176080,Mississippi State,Mississippi State University
176035,Columbus,Mississippi University for Women
176044,Itta Bena,Mississippi Valley State University
176169,Booneville,Northeast Mississippi Community College
176318,Holly Springs,Rust College
176017,Oxford,University of Mississippi
17601701,Jackson,University of Mississippi Medical Center
176372,Hattiesburg,University of Southern Mississippi
176947,Fayette,Central Methodist University
178697,Point Lookout,College of the Ozarks
177135,Neosho,Crowder College
177214,Springfield,Drury University
177339,Springfield,Evangel University
177418,Saint Louis,Fontbonne University
15336601,Independence,Graceland University at Independence
177551,St. Louis,Harris-Stowe State University
177746,Kansas City,Kansas City Art Institute
177940,Jefferson City,Lincoln University of Missouri
177968,St. Charles,Lindenwood University
178059,St. Louis,Maryville University Saint Louis
178244,St. Louis,Missouri Baptist University
178341,Joplin,Missouri Southern State University
179566,Springfield,Missouri State University
178411,Rolla,Missouri University of Science and Technology
178387,St. Joseph,Missouri Western State University
178624,Maryville,Northwest Missouri State University
177472,Springfield,Ozarks Technical Community College
179043,Kansas City,Rockhurst University
179159,St. Louis,Saint Louis University
179557,Cape Girardeau,Southeast Missouri State University
179326,Bolivar,Southwest Baptist University
179265,St. Louis,St. Louis College of Pharmacy
179308,St. Louis,St. Louis Community College
179539,Sedalia,State Fair Community College
179548,Columbia,Stephens College
178615,Kirksville,Truman State University
176965,Warrensburg,University of Central Missouri
178396,Columbia,University of Missouri
178402,Kansas City,University of Missouri-Kansas City
178420,Bellerive Acres,University of Missouri-St. Louis
179867,St. Louis,Washington University in St. Louis
179894,Saint Louis,Webster University
179946,Fulton,Westminster College
179955,Liberty,William Jewell College
179964,Fulton,William Woods University
180106,Helena,Carroll College
180151,Glendive,Dawson Community College
180197,Kalispell,Flathead Valley Community College
180249,Great Falls,Great Falls College Montana State University
180276,Helena,Helena College
180328,Crow Agency,Little Big Horn College
180373,Miles City,Miles Community College
262165,Bozeman,Montana Bible College
180461,Bozeman,Montana State University
180179,Billings,Montana State University Billings
180522,Havre,Montana State University Northern
180416,Butte ,Montana Technological University
489812,Dillon,Pima Medical Institute-Dillon
180595,Billings,Rocky Mountain College
180647,Pablo,Salish Kootenai College
366340,Box Elder,Stone Child College
180489,Missoula,University of Montana
180692,Dillon,University of Montana Western
180948,Chadron,Chadron State College
180984,Seward,Concordia University, Nebraska
181002,Omaha,Creighton University
181020,Crete,Doane University
181127,Hastings,Hastings College
181330,Fremont,Midland University
181446,Lincoln,Nebraska Wesleyan University
181534,Peru,Peru State College
181640,Lincoln,Southeast Community College
181428,Omaha,University of Nebraska Medical Center
181215,Kearney,University of Nebraska at Kearney
181394,Omaha,University of Nebraska at Omaha
181464,Lincoln,University of Nebraska-Lincoln
181783,Wayne,Wayne State College
182005,Las Vegas,College of Southern Nevada
182306,Elko,Great Basin College
441900,Henderson,Nevada State College
182500,Reno,Truckee Meadows Community College
182281,Las Vegas,University of Nevada
182290,Reno,University of Nevada
182564,Carson City,Western Nevada College
245865,Keene,Antioch University-New England
182634,New London,Colby-Sawyer College
182670,Hanover,Dartmouth College
182795,Rindge,Franklin Pierce University
183257,Concord,Granite State College
183150,Portsmouth,Great Bay Community College
183062,Keene,Keene State College
183123,Laconia,Lakes Region Community College
182917,Warner,Magdalen College
183099,Concord,NHTI-Concord's Community College
183141,Nashua,Nashua Community College
182980,Henniker,New England College
183080,Plymouth,Plymouth State University
183114,Claremont,River Valley Community College
183211,Nashua,Rivier University
183239,Manchester,Saint Anselm College
183026,Manchester,Southern New Hampshire University
183248,Nashua,St. Joseph School of Nursing
183275,Merrimack,Thomas More College of Liberal Arts
183044,Durham,University of New Hampshire
440004,Lebanon,Upper Valley Educators Institute
183105,Berlin,White Mountains Community College
183789,Woodland Park,Berkeley College New Jersey campuses
183822,Bloomfield,Bloomfield College
183910,Caldwell,Caldwell University
183974,Hackettstown,Centenary University
184348,Madison,Drew University
184603,Teaneck,Fairleigh Dickinson University
184694,Madison,Fairleigh Dickinson University Florham
184612,Lodi,Felician University
184773,Lakewood,Georgian Court University
185262,Union,Kean University
185572,West Long Branch,Monmouth University
185590,Montclair,Montclair State University
185129,Jersey City,New Jersey City University
185828,Newark,New Jersey Institute of Technology
186131,Princeton,Princeton University
186201,Mahwah,Ramapo College of New Jersey
186283,Lawrenceville ,Rider University
184782,Glassboro,Rowan University
186380,New Brunswick,Rutgers University
186371,Camden,Rutgers University-Camden
186399,Newark,Rutgers University-Newark
186618,Morristown,Saint Elizabeth University
186432,Jersey City,Saint Peter's University
186584,South Orange,Seton Hall University
186867,Hoboken,Stevens Institute of Technology
186876,Galloway,Stockton University
187134,Ewing,The College of New Jersey
187046,Trenton,Thomas Edison State University
187444,Wayne,William Paterson University
187648,Portales,Eastern New Mexico University
187745,Santa Fe,Institute of American Indian Arts
187596,Crownpoint,Navajo Technical University
187897,Las Vegas,New Mexico Highlands University
187967,Socorro,New Mexico Institute of Mining and Technology
187912,Roswell,New Mexico Military Institute
188030,Las Cruces,New Mexico State University
188058,Española,Northern New Mexico College
188100,Farmington,San Juan College
188137,Santa Fe,Santa Fe Community College
187985,Albuquerque,University of New Mexico
188304,Silver City,Western New Mexico University
404994,New York City,ASA College
188429,Garden City,Adelphi University
188438,Queensbury,Adirondack Community College
188526,Albany,Albany College of Pharmacy and Health Sciences
188580,Albany,Albany Medical College
385415,New York City,Albert Einstein College of Medicine
188641,Alfred,Alfred University
189015,New York City,Bank Street College of Education
189088,Annadale-on-Hudson,Bard College
189097,New York City,Barnard College
189228,New York City,Berkeley College New York campuses
189413,New York City,Boricua College
18956501,Syracuse,Bryant & Stratton College
188517,Albany,Bryant & Stratton College-Albany
18958301,Getzville,Bryant & Stratton College-Amherst
189583,Buffalo,Bryant & Stratton College-Buffalo
189592,Rochester,Bryant & Stratton College-Greece
18959201,Rochester,Bryant & Stratton College-Henrietta
18958302,Orchard Park,Bryant & Stratton College-Southtowns
189565,Liverpool,Bryant & Stratton College-Syracuse North
190512,New York City,CUNY Baruch College
190521,New York City,CUNY Borough of Manhattan Community College
190530,New York City,CUNY Bronx Community College
190549,New York City,CUNY Brooklyn College
190567,New York City,CUNY City College of New York
190558,New York City,CUNY College of Staten Island
475565,New York City,CUNY Guttman Community College
190585,New York City,CUNY Hostos Community College
190594,New York City,CUNY Hunter College
190600,New York City,CUNY John Jay College of Criminal Justice
190619,New York City,CUNY Kingsborough Community College
190628,New York City,CUNY LaGuardia Community College
190637,New York City,CUNY Lehman College
190646,New York City,CUNY Medgar Evers College
190655,New York City,CUNY New York City College of Technology
190664,New York City,CUNY Queens College
190673,New York City,CUNY Queensborough Community College
190682,New York City,CUNY School of Law
190691,New York City,CUNY York College
189705,Buffalo,Canisius College
189839,Auburn,Cayuga County Community College
189848,Cazenovia,Cazenovia College
190044,Potsdam,Clarkson University
19004401,Schenectady,Clarkson University Capital Region Campus
190053,Plattsburgh,Clinton Community College
190099,Hamilton,Colgate University
193399,New York City,College of Mount Saint Vincent
190150,New York City,Columbia University
190169,Hudson,Columbia-Greene Community College
190248,Bronxville,Concordia College New York
190415,Ithaca,Cornell University
190503,Hyde Park,Culinary Institute of America
190716,Buffalo,D'Youville College
190725,Amherst,Daemen College
194569,Johnson City,Davis College
482413,New York City,DeVry College of New York
190761,Orangeburg,Dominican College
190840,Poughkeepsie,Dutchess Community College
488305,Lima,Elim Bible Institute and College
190974,Vestal,Elmira Business Institute
190983,Elmira,Elmira College
490346,New York City,Elyon College
191083,Buffalo,Erie Community College
196680,Albany,Excelsior College
196042,Farmingdale,Farmingdale State College
191126,New York City,Fashion Institute of Technology
191199,Canandaigua,Finger Lakes Community College
475422,Geneva,Finger Lakes Health College of Nursing & Health Sciences
191205,Dix Hills,Five Towns College
191241,New York City,Fordham University
191302,Johnstown,Fulton-Montgomery Community College
191339,Batavia,Genesee Community College
494551,New York City,Glasgow Caledonian New York College
191515,Clinton,Hamilton College
191533,Oneonta,Hartwick College
203067,New York City,Hebrew Union College-Jewish Institute of Religion
191597,New York City,Helene Fuld College of Nursing
191612,Herkimer,Herkimer County Community College
191621,Hamburg,Hilbert College
191630,Geneva,Hobart William Smith Colleges
191649,Hempstead,Hofstra University
191676,Houghton,Houghton College
191719,Troy,Hudson Valley Community College
193405,New York City,Icahn School of Medicine at Mount Sinai
191931,New Rochelle,Iona College
191968,Ithaca ,Ithaca College
192004,Jamestown,Jamestown Business College
191986,Jamestown,Jamestown Community College
192022,Watertown,Jefferson Community College
192192,Keuka Park,Keuka College
192323,Syracuse,Le Moyne College
192509,New York City,Long Island Business Institute
192448,Brookville,Long Island University
192703,New York City,Manhattan College
192749,Purchase,Manhattanville College
192785,Albany,Maria College of Albany
192819,Poughkeepsie,Marist College
192864,New York City,Marymount Manhattan College
192925,Buffalo,Medaille College
193016,Dobbs Ferry,Mercy College
190114,New York City,Metropolitan College of New York
193201,Albany,Mildred Elley School-Albany Campus
461014,New York City,Mildred Elley-New York Campus
193283,Utica,Mohawk Valley Community College
193292,Rockville Centre,Molloy College
193308,New York City,Monroe College
193326,Rochester,Monroe Community College
193353,Newburgh,Mount Saint Mary College
193478,Garden City,Nassau Community College
193584,Rochester,Nazareth College
440262,New York City,New York Automotive and Diesel Institute
193751,Seneca Falls,New York Chiropractic College
418126,Syosset,New York College of Health Professions
194073,New York City,New York College of Podiatric Medicine
439783,Mineola,New York College of Traditional Chinese Medicine
194091,Old Westbury,New York Institute of Technology
193821,New York City,New York Law School
193830,Valhalla,New York Medical College
194116,New York City,New York School of Interior Design
193900,New York City,New York University
193946,Sanborn,Niagara County Community College
193973,Niagara,Niagara University
439817,Rochester,Northeastern Seminary
194161,New York City,Nyack College
194222,Syracuse,Onondaga Community College
194240,Middletown,Orange County Community College
194310,New York City,Pace University
414595,New York City,Pacific College of Oriental Medicine
194392,Paul Smiths,Paul Smiths College
194499,New York City,Plaza College
194578,New York City,Pratt Institute
194824,Troy,Rensselaer Polytechnic Institute
194958,Rochester,Roberts Wesleyan College
195003,Rochester,Rochester Institute of Technology
195049,New York City,Rockefeller University
195058,Suffern,Rockland Community College
195128,Troy,Russell Sage College
196060,Albany,SUNY Albany
196006,Alfred,SUNY Alfred State College of Technology
196079,Vestal,SUNY Binghamton
196121,Brockport,SUNY Brockport
189547,Binghamton,SUNY Broome Community College
196130,Buffalo,SUNY Buffalo State
196015,Canton,SUNY Canton
196033,Cobleskill,SUNY Cobleskill
196200,Potsdam,SUNY College at Potsdam
196103,Syracuse,SUNY College of Environmental Science and Forestry
196228,New York City,SUNY College of Optometry
190442,Corning,SUNY Corning Community College
196149,Cortland,SUNY Cortland
196024,Delhi,SUNY Delhi
196255,New York City,SUNY Downstate Health Sciences University
196264,Saratoga Springs,SUNY Empire State College
196167,Geneseo,SUNY Geneseo
196291,New York City,SUNY Maritime College
196051,Morrisville,SUNY Morrisville
196176,New Paltz,SUNY New Paltz
196237,Old Westbury,SUNY Old Westbury
196185,Oneonta,SUNY Oneonta
196194,Oswego,SUNY Oswego
196246,Plattsburgh,SUNY Plattsburgh
196112,Utica,SUNY Polytechnic Institute
196219,Purchase,SUNY Purchase College
196088,Buffalo,SUNY University at Buffalo
197294,Valhalla,SUNY Westchester Community College
196158,Fredonia,SUNY at Fredonia
19570201,Utica,Saint Elizabeth College of Nursing
195304,Bronxville,Sarah Lawrence College
195322,Schenectady,Schenectady County Community College
195474,Loudonville,Siena College
195526,Saratoga Springs,Skidmore College
481094,New York City,Sotheby's Institute of Art
195164,St. Bonaventure,St. Bonaventure University
195173,New York City,St. Francis College
195720,Rocheser,St. John Fisher College
195809,New York City,St. John's University
195562,Patchogue,St. Joseph's College Long Island
195544,New York City,St. Joseph's College New York
195191,Syracuse,St. Joseph's College of Nursing
195216,Canton,St. Lawrence University
195243,Sparkill,St. Thomas Aquinas College
196097,Stony Brook,Stony Brook University
366395,Selden,Suffolk County Community College
195988,Loch Sheldrake,Sullivan County Community College
196389,New York City,Swedish Institute a College of Health Sciences
196413,Syracuse,Syracuse University
195234,Albany,The College of Saint Rose
197285,White Plains,The College of Westchester
190576,New York City,The Graduate Center
454184,New York City,The King's College
193654,New York City,The New School
196565,Dryden,Tompkins Cortland Community College
196592,New York City,Touro College
196653,Buffalo,Trocaire College
196699,Stone Ridge,Ulster County Community College
196866,Schenectady,Union College
197027,Kings Point,United States Merchant Marine Academy
197036,West Point,United States Military Academy West Point
195030,Rochester,University of Rochester
196307,Syracuse,Upstate Medical University
197045,Utica,Utica College
197133,Poughkeepsie,Vassar College
188340,New York City,Vaughn College of Aeronautics and Technology
197142,Buffalo,Villa Maria College
197197,New York City,Wagner College
197221,Glen Cove,Webb Institute
190424,New York City,Weill Cornell Medical College
197230,Aurora,Wells College
197531,Pottersville,Word of Life Bible Institute
197708,New York City,Yeshiva University
197869,Boone,Appalachian State University
197911,Wilson,Barton College
197984,Belmont,Belmont Abbey College
198066,Brevard,Brevard College
198136,Bules Creek,Campbell University
433174,Charlotte,Carolinas College of Health Sciences
198215,Salisbury,Catawba College
198303,Murfreesboro,Chowan University
198385,Davidson,Davidson College
198419,Durham,Duke University
198455,Durham,Durham Technical Community College
198464,Greenville,East Carolina University
198507,Elizabeth City,Elizabeth City State University
198516,Elon,Elon University
198543,Fayetteville,Fayetteville State University
198561,Boiling Springs,Gardner-Webb University
198598,Greensboro,Greensboro College
198613,Greensboro,Guilford College
198695,High Point,High Point University
445708,Charlotte,Johnson & Wales University-Charlotte
198756,Charlotte,Johnson C Smith University
198808,Banner Elk,Lees-McRae College 
198835,Hickory,Lenoir-Rhyne University
198862,Salisbury,Livingstone College
198899,Mars Hill,Mars Hill University
198950,Raleigh,Meredith College
198969,Fayetteville,Methodist University
199032,Montreat,Montreat College
199102,Greensboro,North Carolina A&T State University
199157,Durham,North Carolina Central University
199193,Raleigh,North Carolina State University
199209,Rocky Mount,North Carolina Wesleyan College
199306,Misenheimer,Pfeiffer University
199412,Charlotte,Queens University of Charlotte
199582,Raleigh,Saint Augustine's University
199607,Winston-Salem,Salem College
199643,Raleigh,Shaw University
199069,Mount Olive,University of Mount Olive
199111,Asheville,University of North Carolina Asheville
199184,Winston Salem,University of North Carolina School of the Arts
199218,Wilmington,University of North Carolina Wilmington
199120,Chapel Hill,University of North Carolina at Chapel Hill
199139,Charlotte,University of North Carolina at Charlotte
199148,Greensboro,University of North Carolina at Greensboro
199281,Pembroke,University of North Carolina at Pembroke
199847,Winston-Salem,Wake Forest University
199856,Raleigh,Wake Technical Community College
199865,Swannanoa,Warren Wilson College
200004,Cullowhee,Western Carolina University
199272,Raleigh,William Peace University
199962,Wingate,Wingate University
199999,Winston-Salem,Winston-Salem State University
200022,Bismarck,Bismarck State College
200314,Bottineau,Dakota College at Bottineau
200059,Dickinson,Dickinson State University
200192,Devils Lake,Lake Region State College
200226,Mayville,Mayville State University
200253,Minot,Minot State University
200305,Wahpeton,North Dakota State College of Science
200332,Fargo,North Dakota State University
200086,New Town,Nueta Hidatsa Sahnish College
200466,Fort Yates,Sitting Bull College
200217,Bismarck,University of Mary
200280,Grand Forks,University of North Dakota
200572,Valley City,Valley City State University
200341,Williston,Williston State College
240790,Saipan,Northern Marianas College
200697,Dayton,Air Force Institute of Technology-Graduate School of Engineering & Management
201104,Ashland,Ashland University
201195,Berea,Baldwin Wallace University
201371,Bluffton,Bluffton University
201441,Bowling Green,Bowling Green State University
201432,Huron,Bowling Green State University Firelands
201548,Columbus,Capital University
201645,Cleveland,Case Western Reserve University
201654,Cedarville,Cedarville University
201690,Wilberforce,Central State University
201973,Springfield,Clark State Community College
202134,Cleveland,Cleveland State University
202170,Columbus,Columbus College of Art and Design
202356,Cleveland,Cuyahoga Community College District
202514,Defiance,Defiance College
202523,Granville,Denison University
205957,Steubenville,Franciscan University of Steubenville
203085,Tiffin,Heidelberg University
203128,Hiram,Hiram College
203368,University Heights,John Carroll University
203517,Kent,Kent State University
203526,Burton,Kent State University Geauga Campus
203447,Ashtabula,Kent State University at Ashtabula
203456,East Liverpool,Kent State University at East Liverpool
203492,Salem,Kent State University at Salem
203465,North Canton,Kent State University at Stark
203474,Warren,Kent State University at Trumbull
203483,New Philadelphia,Kent State University at Tuscarawas
203535,Gambier,Kenyon College
203580,Painesville,Lake Erie College
203748,Elyria,Lorain County Community College
203757,Sylvania,Lourdes University
203775,Canton,Malone University
203845,Marietta,Marietta College
204024,Oxford,Miami University (Ohio)
204200,Cincinnati,Mount Saint Joseph University
204264,New Concord,Muskingum University
204422,Mansfield,North Central State College
204477,Rootstown,Northeast Ohio Medical University
204468,Cleveland,Notre Dame College
204501,Oberlin,Oberlin College
204617,Columbus,Ohio Dominican University
204635,Ada,Ohio Northern University
204796,Columbus,Ohio State University
204857,Athens,Ohio University
204820,Chillicothe,Ohio University-Chillicothe
204802,St. Clairesville,Ohio University-Eastern
204848,Lancaster,Ohio University-Lancaster
204839,Irontown,Ohio University-Southern 
204866,Zanesville,Ohio University-Zanesville 
204909,Delaware,Ohio Wesleyan University
204936,Westerville,Otterbein University
205443,Portsmouth,Shawnee State University
205470,Dayton,Sinclair Community College
206011,Fremont,Terra State Community College
206589,Wooster,The College of Wooster
202763,Findlay,The University of Findlay
206048,Tiffin,Tiffin University
200800,Akron,University of Akron
201885,Cincinnati,University of Cincinnati
202480,Dayton,University of Dayton
204185,Alliance,University of Mount Union
206084,Toledo,University of Toledo
206349,Pepper Pike,Ursuline College
206437,North Canton,Walsh University
206507,Wilmington,Wilmington College
206525,Springfield,Wittenberg University
206604,Dayton,Wright State University
206613,Celina,Wright State University-Lake Campus
206622,Cincinnati,Xavier University
206695,Youngstown,Youngstown State University
206914,Lawton,Cameron University
207041,Ada,East Central University
207209,Langston,Langston University
207263,Tahlequah,Northeastern State University
207281,Tonkawa,Northern Oklahoma College
207306,Alva,Northwestern Oklahoma State University
207403,Shawnee,Oklahoma Baptist University
207324,Edmond,Oklahoma Christian University
207458,Oklahoma City,Oklahoma City University
207351,Goodwell,Oklahoma Panhandle State University
207388,Stillwater,Oklahoma State University
207315,Tulsa,Oklahoma State University Center for Health Sciences
207564,Okmulgee,Oklahoma State University Institute of Technology
207397,Oklahoma City,Oklahoma State University-Oklahoma City
207582,Tulsa,Oral Roberts University
207661,Claremore,Rogers State University
207670,Midwest City,Rose State College
207847,Durant,Southeastern Oklahoma State University
206862,Bethany,Southern Nazarene University
207865,Weatherford,Southwestern Oklahoma State University
206941,Edmond,University of Central Oklahoma
207500,Norman,University of Oklahoma
207722,Chickasha,University of Science and Arts of Oklahoma
207971,Tulsa,University of Tulsa
208646,La Grande,Eastern Oregon University
208822,Newberg,George Fox University
209038,Eugene,Lane Community College
209056,Portland,Lewis & Clark College
209065,McMinnville,Linfield University
437316,Portland,Linfield University-School of Nursing
209490,Portland,Oregon Health & Science University
209506,Klamath Falls ,Oregon Institute of Technology
209542,Corvallis,Oregon State University
440828,Bend,Oregon State University-Cascades
209612,Forest Grove,Pacific University
209807,Portland,Portland State University
209922,Portland,Reed College
210146,Ashland,Southern Oregon University
209551,Eugene,University of Oregon
209825,Portland,University of Portland
210429,Mounmouth,Western Oregon University
210401,Salem,Willamette University
210571,Reading,Albright College
210669,Meadville,Allegheny College
210775,Reading,Alvernia University
211088,Glenslide,Arcadia University
211158,Bloomsburg,Bloomsburg University of Pennsylvania
210492,Bryn Athyn,Bryn Athyn College
211273,Bryn Mawr,Bryn Mawr College
211291,Lewisburg,Bucknell University
211352,Radnor,Cabrini University
215114,Langhorne,Cairn University
211361,California,California University of Pennsylvania
211440,Pittsburgh,Carnegie Mellon University
211468,Allentown,Cedar Crest College
211556,Pittsburgh,Chatham University
211583,Philadelphia,Chestnut Hill College
211608,Cheyney,Cheyney University of Pennsylvania
211644,Clarion,Clarion University of Pennsylvania
211024,South Abington Township,Clarks Summit University
210605,Pittsburgh,Community College of Allegheny County
210739,Center Valley,DeSales University
211981,Doylestown,Delaware Valley University
212009,Carlisle,Dickinson College
212054,Philadelphia,Drexel University
212106,Pittsburgh,Duquesne University
212115,East Stroudsburg,East Stroudsburg University
212133,St. Davids,Eastern University
212160,Edinboro,Edinboro University
212197,Elizabethtown,Elizabethtown College
212577,Lancaster,Franklin and Marshall College
212601,Erie,Gannon University
212656,Beaver Falls,Geneva College
212674,Gettysburg,Gettysburg College
212805,Grove City,Grove City College
212832,Gwynedd Valley,Gwynedd Mercy University
212911,Haverford,Haverford College
212984,Philadelphia,Holy Family University
213011,Immaculata,Immaculata University
213020,Indiana,Indiana University of Pennsylvania
213251,Huntingdon,Juniata College
213303,La Plume,Keystone College
213321,Wilkes-Barre,King's College
213349,Kutztown,Kutztown University
213358,Pittsburgh,La Roche University
213367,Philadelphia,La Salle University
213385,Easton,Lafayette College
213400,Lancaster,Lancaster Bible College
213507,Annville,Lebanon Valley College
213543,Bethlehem,Lehigh University
213598,Lincoln University,Lincoln University
213613,Lock Haven,Lock Haven University
213668,Williamsport,Lycoming College
213783,Mansfield,Mansfield University of Pennsylvania
213826,Scranton,Marywood University
213987,Erie,Mercyhurst University
213996,Mechanicsburg,Messiah University
214041,Millersville,Millersville University of Pennsylvania
214069,Dallas,Misericordia University
214157,Bethlehem,Moravian College
214166,Cresson,Mount Aloysius College
214175,Allentown,Muhlenberg College
214272,Aston,Neumann University
214777,State College,Penn State University
214801,Abington,Penn State University Abington
214689,Altoona,Penn State University Altoona
214698,Monaca,Penn State University Beaver
214591,Erie,Penn State University Behrend
214704,Reading,Penn State University Berks
214731,Media,Penn State University Brandywine
214616,Hershey,Penn State University College of Medicine
212018,Carlisle ,Penn State University Dickinson Law
214740,Dubois,Penn State University DuBois
214759,Lemont Furnace,Penn State University Fayette
214607,Malvern,Penn State University Great Valley
214786,McKeesport,Penn State University Greater Allegheny
214713,Middletown,Penn State University Harrisburg
214768,Hazleton,Penn State University Hazleton
214670,Center Valley,Penn State University Lehigh Valley
214795,Mont Alto,Penn State University Mont Alto
214625,New Kensington,Penn State University New Kensington
214810,Schuylkill Haven,Penn State University Schuylkill
214652,Dunmore,Penn State University Scranton
214634,Sharon,Penn State University Shenango
214643,Lehman,Penn State University Wilkes-Barre
214829,York,Penn State University York
366252,Williamsport,Pennsylvania College of Technology
215442,Pittsburgh,Point Park University
215655,Moon Township,Robert Morris University
215691,Rosemont,Rosemont College
215743,Loretto,Saint Francis University
215770,Philadelphia,Saint Joseph's University
215798,Latrobe,Saint Vincent College
215947,Greensburg,Seton Hill University
216010,Shippensburg,Shippensburg University of Pennsylvania
216038,Slippery Rock,Slippery Rock University of Pennsylvania
216278,Selinsgrove,Susquehanna University
216287,Swarthmore,Swarthmore College
216339,Philadelphia,Temple University
216357,Greenville,Thiel College
216366,Philadelphia,Thomas Jefferson University
215062,Philadelphia,University of Pennsylvania
215293,Pittsburgh,University of Pittsburgh
215284,Johnstown,University of Pittsburgh Johnstown
215266,Bradford,University of Pittsburgh at Bradford
215275,Greensburg,University of Pittsburgh at Greensburg
215929,Scranton,University of Scranton
216542,Phoenixville,University of Valley Forge
215132,Philadelphia,University of the Sciences
216524,Collegeville,Ursinus College
216597,Villanova,Villanova University
216667,Washington,Washington & Jefferson College
216694,Waynesburg,Waynesburg University
216764,West Chester,West Chester University
216807,New Wilmington,Westminster College
216852,Chester,Widener University
216931,Wilkes-Barre,Wilkes University
217013,Chambersburg,Wilson College
217059,York,York College of Pennsylvania
241720,San Juan,Colegio Universitario de San Juan
241766,San Juan,Conservatory of Music of Puerto Rico
241951,San Juan,Escuela de Artes Plasticas y Diseno de Puerto Rico
243106,Aguadilla,University of Puerto Rico at Aguadilla
243115,Arecibo,University of Puerto Rico at Arecibo
243133,Bayamon,University of Puerto Rico at Bayamon
243142,Carolina,University of Puerto Rico at Carolina
243151,Cayey,University of Puerto Rico at Cayey
243179,Humacao,University of Puerto Rico at Humacao
243212,Ponce,University of Puerto Rico at Ponce
243221,Rio Piedras,University of Puerto Rico at Río Piedras
243188,Utuado,University of Puerto Rico at Utuado
243203,San Juan,University of Puerto Rico
217156,Providence,Brown University
217165,Smithfield,Bryant University
217235,Providence,Johnson & Wales University
217402,Providence,Providence College
217420,Providence,Rhode Island College
217493,Providence,Rhode Island School of Design
217518,Bristol,Roger Williams University
217536,Newport,Salve Regina University
217484,Kingston,University of Rhode Island
217633,Anderson,Anderson University
217721,Columbia,Benedict College
217749,Greenville,Bob Jones University
217688,North Charleston,Charleston Southern University
217873,Orangeburg,Claflin University
217882,Clemson,Clemson University
218724,Conway,Coastal Carolina University
217907,Hartsville,Coker University
217819,Charleston,College of Charleston
217961,Spartanburg,Converse College
217998,Due West,Erskine College
218061,Florence,Francis Marion University
218070,Greenville,Furman University
218113,Greenville,Greenville Technical College
218229,Greenwood,Lander University
218238,Gaffney,Limestone College
218335,Charleston,Medical University of South Carolina
218414,Newberry,Newberry College
218441,Tigerville,North Greenville University
218539,Clinton,Presbyterian College
218733,Orangeburg,South Carolina State University
217776,Central,Southern Wesleyan University
217864,Charleston,The Citadel
218885,Pendleton,Tri-County Technical College
218663,Columbia,University of South Carolina
218645,Aiken,University of South Carolina Aiken
218654,Blufton,University of South Carolina Beaufort
218742,Spartanburg,University of South Carolina Upstate
218964,Rock Hill,Winthrop University
218973,Spartanburg,Wofford College
219000,Sioux Falls,Augustana University
219046,Spearfish,Black Hills State University
219082,Madison,Dakota State University
219198,Yankton,Mount Marty College
219259,Aberdeen,Northern State University
219277,Kyle ,Oglala Lakota College
219374,Mission,Sinte Gleska University
219347,Rapid City ,South Dakota School of Mines and Technology
219356,Brookings,South Dakota State University
219383,Sioux Falls,University of Sioux Falls
219471,Vermillion,University of South Dakota
219602,Clarksville,Austin Peay State University
219709,Nashville,Belmont University
219718,McKenzie,Bethel University
219806,Jefferson City,Carson-Newman University
219824,Chattanooga,Chattanooga State Community College
219833,Memphis,Christian Brothers University
219879,Cleveland,Cleveland State Community College
219888,Columbia,Columbia State Community College
219949,Lebanon,Cumberland University
220057,Dyersburg,Dyersburg State Community College
220075,Johnson City,East Tennessee State University
220400,Jackson,Jackson State Community College
220516,Bristol,King University
220598,Jackson,Lane College
220604,Memphis,LeMoyne-Owen College
220613,Cleveland,Lee University
220631,Harrogate,Lincoln Memorial University
219976,Nashville,Lipscomb University
220710,Maryville,Maryville College
220978,Murfreesboro,Middle Tennessee State University
486901,Milligan College,Milligan University
221096,Tullahoma,Motlow State Community College
221184,Nashville,Nashville State Community College
221908,Blountville,Northeast State Community College
221643,Knoxville,Pellissippi State Community College
221351,Memphis,Rhodes College
221397,Harriman,Roane State Community College
221661,Collegedale,Southern Adventist University
221485,Memphis,Southwest Tennessee Community College
219596,Athens,Tennessee College of Applied Technology-Athens
219921,Covington,Tennessee College of Applied Technology-Covington
221591,Crossville,Tennessee College of Applied Technology-Crossville
221430,Crump,Tennessee College of Applied Technology-Crump
219994,Dickson,Tennessee College of Applied Technology-Dickson
220127,Elizabethton,Tennessee College of Applied Technology-Elizabethton
220251,Harriman,Tennessee College of Applied Technology-Harriman
220279,Hartsville,Tennessee College of Applied Technology-Hartsville
220321,Hohenwald,Tennessee College of Applied Technology-Hohenwald
220394,Jacksboro,Tennessee College of Applied Technology-Jacksboro
221616,Jackson,Tennessee College of Applied Technology-Jackson
221625,Knoxville,Tennessee College of Applied Technology-Knoxville
220640,Livingston,Tennessee College of Applied Technology-Livingston
220756,McKenzie,Tennessee College of Applied Technology-McKenzie
221607,McMinnville,Tennessee College of Applied Technology-McMinnville
220853,Memphis,Tennessee College of Applied Technology-Memphis
221050,Morristown,Tennessee College of Applied Technology-Morristown
221102,Murfreesboro,Tennessee College of Applied Technology-Murfreesboro
248925,Nashville,Tennessee College of Applied Technology-Nashville
221236,Newbern,Tennessee College of Applied Technology-Newbern
221582,Huntsville,Tennessee College of Applied Technology-Oneida/Huntsville
221281,Paris,Tennessee College of Applied Technology-Paris
221333,Pulaski,Tennessee College of Applied Technology-Pulaski
221388,Ripley,Tennessee College of Applied Technology-Ripley
221494,Shelbyville,Tennessee College of Applied Technology-Shelbyville
221634,Whiteville,Tennessee College of Applied Technology-Whiteville
221838,Nashville,Tennessee State University
221847,Cookeville,Tennessee Technological University
221519,Sewanee,The University of the South
221892,Nashville,Trevecca Nazarene University
221953,Greenville,Tusculum University
221971,Jackson,Union University
220862,Memphis,University of Memphis
487010,Memphis,University of Tennessee Health Science Center
221740,Chattanooga ,University of Tennessee at Chattanooga
221768,Martin,University of Tennessee at Martin
221759,Knoxville,University of Tennessee
221999,Nashville,Vanderbilt University
222053,Gallatin,Volunteer State Community College
222062,Morristown,Walters State Community College
222178,Abilene,Abilene Christian University
222831,San Angelo,Angelo State University
222983,Sherman,Austin College
222992,Austin,Austin Community College District
223232,Waco,Baylor University
223427,Brenham,Blinn College
223506,Richwood,Brazosport College
247834,McKinney,Collin College McKinney
224004,Austin,Concordia University Texas
224226,Dallas,Dallas Baptist University
224527,Marshall,East Texas Baptist University
224961,Galveston,Galveston College
225070,Dension,Grayson College
225247,Abilene,Hardin-Simmons University
225371,Hillsboro,Hill College
225399,Houston,Houston Baptist University
225548,Brownwood,Howard Payne University
226091,Beaumont,Lamar University
226134,Laredo,Laredo College
226231,Longview,LeTourneau University
226383,Lubbock,Lubbock Christian University
226578,Waco,McLennan Community College
226587,Abilene,McMurry University
226806,Midland,Midland College
226833,Wichita Falls,Midwestern State University
227304,Odessa,Odessa College
227526,Prairie View,Prairie View A&M University
227757,Houston,Rice University
227845,Austin,Saint Edward's University
227881,Huntsville,Sam Houston State University
228042,Kerriville,Schreiner University
228158,Levelland,South Plains College
409315,McAllen,South Texas College
228246,Dallas,Southern Methodist University
228343,Georgetown,Southwestern University
228149,San Antonio,St. Mary's University
228431,Nacogdoches,Stephen F. Austin State University
228501,Alpine,Sul Ross State University
228529,Stephenville,Tarleton State University
228699,Texarkana,Texarkana College
226152,Laredo,Texas A&M International University
228723,College Station,Texas A&M University
483036,Kileen,Texas A&M University-Central Texas
224554,Commerce,Texas A&M University-Commerce
224147,Corpus Christi,Texas A&M University-Corpus Christi
228705,Kingsville,Texas A&M University-Kingsville
459949,San Antonio,Texas A&M University-San Antonio
224545,Texarkana,Texas A&M University-Texarkana
228875,Fort Worth,Texas Christian University
228884,Tyler,Texas College
228981,Seguin,Texas Lutheran University
229063,Houston,Texas Southern University
228459,San Marcos,Texas State University
229115,Lubbock,Texas Tech University
229337,Lubbock,Texas Tech University Health Sciences Center
492689,El Paso,Texas Tech University Health Sciences Center El Paso
229160,Fort Worth,Texas Wesleyan University
229179,Denton,Texas Woman’s University
229267,San Antonia,Trinity University
229355,Tyler,Tyler Junior College
224323,Irving,University of Dallas
225511,Houston,University of Houston
225414,Houston,University of Houston-Clear Lake
225432,Houston,University of Houston-Downtown
225502,Victoria,University of Houston-Victoria
226471,Belton,University of Mary Hardin at Baylor
227216,Denton,University of North Texas
228909,Fort Worth,University of North Texas Health Science Center
484905,Dallas,University of North Texas at Dallas
227863,Houston,University of St. Thomas
229300,Houston,University of Texas Health Science Center at Houston
228644,San Antonio,University of Texas Health Science Center at San Antonio
485537,Tyler,University of Texas Health Science Center at Tyler
416801,Houston,University of Texas MD Anderson Cancer Center
228653,Galveston,University of Texas Medical Branch at Galveston
229018,Odessa,University of Texas Permian Basin
227368,Edinburg,University of Texas Rio Grande Valley
228635,Dallas,University of Texas Southwestern Medical Center
228769,Arlington,University of Texas at Arlington
228778,Austin,University of Texas at Austin
228787,Dallas,University of Texas at Dallas
228796,El Paso,University of Texas at El Paso
229027,San Antonio,University of Texas at San Antonio
228802,Tyler,University of Texas at Tyler
225627,San Antonio,University of the Incarnate Word
229780,Plainview,Wayland Baptist University
229814,Canyon,West Texas A&M University
230038,Provo,Brigham Young University
230171,St. George,Dixie State University
230746,Salt Lake City,Salt Lake Community College
230597,Ephraim,Snow College
230603,Cedar City,Southern Utah University
230764,Salt Lake City,University of Utah
230728,Logan,Utah State University
230737,Orem,Utah Valley University
230782,Ogden,Weber State University
230807,Salt Lake City,Westminster College
230816,Bennington,Bennington College
230834,Castleton,Castleton University
230852,Burlington,Champlain College
230861,Montpelier,Community College of Vermont
230889,Plainfield,Goddard College
247649,Putney,Landmark College
230959,Middlebury,Middlebury College
230913,Johnson,Northern Vermont University-Johnson
23091302,Lyndonville,Northern Vermont University-Lyndon
230995,Northfield,Norwich University
231059,Colchester,Saint Michael's College
231095,Craftsbury Common,Sterling College
231174,Burlington,University of Vermont
455992,Montpelier,Vermont College of Fine Arts
231147,South Royalton,Vermont Law School
231165,Randolph,Vermont Technical College
243665,Charlotte Amalie,University of the Virgin Islands
231420,Danville,Averett University
231554,Bluefield,Bluefield College
231581,Bridgewater,Bridgewater College
231712,Newport News,Christopher Newport University
231882,Danville,Danville Community College
232043,Harrisonburg,Eastern Mennonite University
231970,Norfolk,Eastern Virginia Medical School
232025,Emory,Emory & Henry College
232089,Ferrum,Ferrum College
232186,Fairfax,George Mason University
232256,Hampden-Sydney,Hampden-Sydney College
232265,Hampton,Hampton University
232308,Roanoke,Hollins University
232423,Harrisonburg,James Madison University
232557,Lynchburg,Liberty University
232566,Farmville,Longwood University
232672,Staunton,Mary Baldwin University
232706,Arlington,Marymount University
232937,Norfolk,Norfolk State University
232982,Norfolk,Old Dominion University
233277,Radford,Radford University
233301,Lynchburg,Randolph College
233295,Ashland,Randolph-Macon College
233426,Salem,Roanoke College
233541,Winchester,Shenandoah University
233611,Buena Vista,Southern Virginia University
233718,Sweet Briar,Sweet Briar College
232609,Lynchburg,University of Lynchburg
232681,Fredericksburg,University of Mary Washington
233374,Richmond,University of Richmond
234076,Charlottesville,University of Virginia
233897,Wise,University of Virginia's College at Wise
234030,Richmond,Virginia Commonwealth University
233903,Abingdon,Virginia Highlands Community College
234085,Lexington,Virginia Military Institute
234155,Petersburg,Virginia State University
233921,Blacksburg,Virginia Tech
234164,Richmond,Virginia Union University
234173,Virginia Beach,Virginia Wesleyan University
234207,Lexington,Washington and Lee University
231624,Williamsburg,William & Mary
131159,Washington,American University
131283,Washington,Catholic University of America
131450,Washington,Gallaudet University
131469,Washington,George Washington University
131496,Washington,Georgetown University
131520,Washington,Howard University
131876,Washington,Trinity Washington University
131399,Washington,University of the District of Columbia
234669,Bellevue,Bellevue College
234696,Bellingham,Bellingham Technical College
439190,Bothell,Cascadia College
234827,Ellensburg,Central Washington University
234845,Centralia,Centralia College
234933,Vancouver,Clark College
234951,Lakewood,Clover Park Technical College
234979,Pasco,Columbia Basin College
235097,Cheney,Eastern Washington University
235103,Lynnwood,Edmonds College
235149,Everett,Everett Community College
235167,Olympia,Evergreen State College
235316,Spokane,Gonzaga University
235334,Aberdeen,Grays Harbor College
235343,Auburn,Green River College
235431,Des Moines,Highline College
235699,Kirkland,Lake Washington Institute of Technology
235750,Longview,Lower Columbia College
236072,Seattle,North Seattle College
380377,Bellingham,Northwest Indian College
236188,Bremerton,Olympic College
236230,Tacoma,Pacific Lutheran University
236258,Port Angeles,Peninsula College
235237,Lakewood,Pierce College
236382,Renton,Renton Technical College
236452,Lacey,Saint Martin's University
236513,Seattle,Seattle Central College
236577,Seattle,Seattle Pacific University
236595,Seattle,Seattle University
236638,Mount Vernon,Skagit Valley College
236504,Seattle,South Seattle College
236692,Spokane,Spokane Community College
236708,Spokane,Spokane Falls Community College
236753,Tacoma,Tacoma Community College
236328,Tacoma,University of Puget Sound
236948,Seattle,University of Washington
377555,Bothell,University of Washington Bothell
377564,Tacoma,University of Washington Tacoma
236887,Walla Walla,Walla Walla Community College
236939,Pullman,Washington State University
236975,Wenatchee,Wenatchee Valley College
237011,Bellingham,Western Washington University
237039,Bellingham,Whatcom Community College
237057,Walla Walla,Whitman College
237066,Spokane,Whitworth University
237109,Yakima,Yakima Valley College
237118,Philippi,Alderson Broaddus University
237181,Bethany,Bethany College (W.Va.)
237215,Bluefield,Bluefield State College
237330,Athens,Concord University
237358,Elkins,Davis & Elkins College
237367,Fairmont,Fairmont State University
237385,Glenville ,Glenville State College
237525,Huntington,Marshall University
237640,Vienna,Ohio Valley University
237701,Keyser,Potomac State College of West Virginia University
237783,Salem,Salem University
237792,Shepherdstown,Shepherd University
237312,Charleston,University of Charleston
237932,West Liberty,West Liberty University
237880,Lewisburg,West Virginia School of Osteopathic Medicine
237899,Institute,West Virginia State University
238032,Morgantown,West Virginia University
237950,Montgomery,West Virginia University Institute of Technology
237686,Parkersburg,West Virginia University at Parkersburg
237969,Buckhannon,West Virginia Wesleyan College
238078,Wheeling,Wheeling University
238193,Milwaukee,Alverno College
238333,Beloit,Beloit College
238458,Waukesha,Carroll University
238476,Kenosha,Carthage College
238616,Mequon,Concordia University Wisconsin
238661,Madison,Edgewood College
238980,Plymouth,Lakeland University
239017,Appleton,Lawrence University
238263,Madison,Madison Area Technical College
239071,Watertown,Maranatha Baptist University
239080,Fond Du Lac,Marian University
239105,Milwaukee,Marquette University
239318,Milwaukee,Milwaukee School of Engineering
239390,Milwaukee,Mount Mary University
239512,Ashland,Northland College
239628,Ripon,Ripon College
239716,De Pere,Saint Norbert College
240268,Eau Claire,University of Wisconsin-Eau Claire
240277,Green Bay,University of Wisconsin-Green Bay
240329,La Crosse,University of Wisconsin-La Crosse
240444,Madison,University of Wisconsin-Madison
240453,Milwaukee,University of Wisconsin-Milwaukee
240365,Oshkosh,University of Wisconsin-Oshkosh
240374,Somers,University of Wisconsin-Parkside
240462,Platteville,University of Wisconsin-Platteville
240471,River Falls,University of Wisconsin-River Falls
240480,Stevens Point,University of Wisconsin-Stevens Point
240417,Menomonie,University of Wisconsin-Stout
240426,Superior,University of Wisconsin-Superior
240189,Whitewater,University of Wisconsin-Whitewater
240107,La Crosse,Viterbo University
240338,Milwaukee,Wisconsin Lutheran College
240505,Casper,Casper College
240596,Torrington,Eastern Wyoming College
240727,Laramie,University of Wyoming
240693,Rock Springs,Western Wyoming Community College
